source,n,pos_rate,auc,ap,threshold
combined,1006,0.17196819085487078,0.8491017964071855,0.5662496023293779,0.3493254327445602
hand,599,0.19031719532554256,0.8449125952487675,0.5714920675650796,0.3476566037125764
ai,1000,0.147,0.8148820326678766,0.4424031900213656,0.22756797973647744
