source,n,pos_rate,auc,ap,threshold
hand,599,0.19031719532554256,0.8543254146122815,0.5826206611629685,0.3475104399254331
combined,1006,0.17196819085487078,0.8480752780153978,0.5773673739652747,0.3992839020995812
ai,1000,0.147,0.8064125831820932,0.431706759357305,0.2205616702179057
